subject,gender,agegroup,age,cond,T1,T2,T3,T4,T5,T6,T7,T8,T9,T10,T11,T12,T13,T14,T15,T16,T17,T18,T19,T20,T21,T22,T23,T24,T25,T26,T27,T28,T29,T30,T31,T32,T33,T34,T35,T36,T37,T38,T39,T40,T41,T42,T43,T44,T45,T46,T47,T48,C1,C2,C3,C4,C5,C6,C7,C8,C9,C10,C11,C12,C13,C14,C15,C16,C17,C18,C19,C20,C21,C22,C23,C24,C25,C26,C27,C28,C29,C30,C31,C32,C33,C34,C35,C36,C37,C38,C39,C40,C41,C42,C43,C44,C45,C46,C47,C48,n_c_e,n_c_m,n_c_h,n_i_e,n_i_m,n_i_h,r_c_e,r_c_m,r_c_h,r_i_e,r_i_m,r_i_h,not_tested_c,tested_c,not_tested_i,tested_i,not_tested,tested,S1,S2,S3,S4,S5,S6,S7,S8,S9,S10,S11,S12,S13,S14,S15,S16,S17,S18,S19,S20,S21,S22,S23,S24,S25,S26,S27,S28,S29,S30,S31,S32,S33,S34,S35,S36,S37,S38,S39,S40,S41,S42,S43,S44,S45,S46,S47,S48,s_n_c_e,s_n_c_m,s_n_c_h,s_n_i_e,s_n_i_m,s_n_i_h,s_r_c_e,s_r_c_m,s_r_c_h,s_r_i_e,s_r_i_m,s_r_i_h,s_not_tested_c,s_tested_c,s_not_tested_i,s_tested_i,s_not_tested,s_tested,easy_new,easy_repeated,med_new,med_repeated,hard_new,hard_repeated
102,M,1,5.57,2,1,1,1,1,1,0,1,1,0,1,1,1,1,0,0,1,1,1,1,1,0,0,0,0,0,1,0,1,0,1,1,1,0,1,0,0,1,1,1,1,1,0,1,1,1,1,1,0,1,1,1,1,1,2,1,1,2,1,1,1,1,2,2,1,1,1,1,1,2,2,2,2,2,1,2,1,2,1,1,1,2,1,2,2,1,1,1,1,1,2,1,1,1,1,1,2,0.5,1,0,0.5,0.75,0.25,1,0.75,0.75,1,0.75,0.75,0.5,0.833333333,0.5,0.833333333,0.5,0.833333333,4,4,4,4,4,2,4,4,2,4,4,4,4,2,2,4,4,4,4,4,2,2,2,2,2,4,2,4,2,4,4,4,2,4,2,2,4,4,4,4,4,2,4,4,4,4,4,2,3,4,2,3,3.5,2.5,4,3.5,3.5,4,3.5,3.5,3,3.666666667,3,3.666666667,3,3.666666667,0.5,1,0.875,0.75,0.125,0.75
104,M,1,5.61,4,1,0,1,0,0,0,0,1,1,1,0,1,1,0,1,1,0,0,1,1,0,1,0,1,1,1,1,0,0,1,0,1,1,1,0,1,0,1,1,0,1,0,0,1,0,0,0,1,1,1,1,1,2,2,2,1,1,1,2,2,1,2,1,1,2,2,1,2,1,1,2,1,1,1,1,2,2,1,2,1,1,1,2,1,2,1,1,2,1,1,2,1,2,2,2,1,0.5,0.5,0.25,0.5,0.25,0.75,0.75,0.5,0.5,0.75,0.5,0.75,0.416666667,0.583333333,0.5,0.666666667,0.458333333,0.625,4,1,4,1,2,2,2,4,4,4,2,3,4,2,4,4,2,2,4,3,1,4,2,4,4,4,4,2,2,4,2,4,4,4,2,4,2,4,4,2,4,1,2,4,2,2,2,4,3,2.75,2.5,2.5,2.5,3.25,3.5,2.75,2.75,3.5,3,3.5,2.75,3,2.75,3.333333333,2.75,3.166666667,0.5,0.75,0.375,0.5,0.5,0.625
105,M,1,5.5,1,1,1,1,1,0,0,0,1,0,1,1,0,0,0,1,0,1,0,0,1,0,0,1,0,1,1,1,0,1,0,1,1,0,1,0,1,1,1,1,1,1,1,1,0,1,1,1,0,1,1,1,1,2,2,2,1,2,1,2,2,2,2,1,2,1,2,2,1,2,2,1,2,1,1,1,2,1,2,1,1,2,1,2,1,1,1,1,1,1,1,1,2,1,1,1,2,1,0.25,0.5,0.25,0.5,0.25,0.75,0.75,0.5,1,0.75,0.75,0.583333333,0.666666667,0.333333333,0.833333333,0.458333333,0.75,4,4,4,4,2,2,2,4,2,4,3,2,2,2,4,2,4,2,2,4,2,2,4,2,4,4,4,2,4,2,4,4,2,4,2,4,4,4,4,4,4,4,4,2,4,4,4,2,4,2.5,2.75,2.5,3,2.5,3.5,3.5,3,4,3.5,3.5,3.083333333,3.333333333,2.666666667,3.666666667,2.875,3.5,0.625,0.875,0.375,0.75,0.375,0.625
106,M,1,5.82,2,1,1,1,1,1,1,1,1,1,0,1,0,1,1,1,1,1,1,1,1,1,1,0,1,1,0,1,1,1,0,1,1,1,1,0,1,1,1,1,1,1,1,1,1,1,1,0,1,1,1,1,1,1,1,1,1,1,2,1,2,1,1,1,1,1,1,2,1,1,1,2,1,1,2,1,1,1,1,1,1,1,1,2,1,1,1,1,1,1,1,1,1,1,1,2,1,1,1,0.75,0.75,0.75,0.75,1,1,0.75,1,1,0.5,0.916666667,0.916666667,0.75,0.833333333,0.833333333,0.875,4,4,4,4,4,4,4,4,4,2,4,2,4,4,4,4,4,4,3,4,4,4,2,4,4,2,4,4,4,1,4,4,4,4,2,4,4,4,4,4,4,4,4,4,4,4,2,4,4,3.75,3.5,3.5,3.25,3.5,4,4,3.5,4,4,3,3.75,3.833333333,3.416666667,3.666666667,3.583333333,3.75,0.875,1,0.875,1,0.75,0.625
107,F,1,5.48,3,1,1,1,1,1,1,1,1,1,1,1,1,1,1,1,1,1,1,1,1,1,1,1,1,0,1,1,1,1,1,1,1,1,1,1,0,1,1,1,1,1,1,1,0,1,1,0,1,1,1,1,2,2,1,2,1,2,2,1,2,1,2,2,1,2,1,1,2,2,2,2,2,2,1,1,2,2,2,2,2,2,2,2,2,1,1,2,1,1,1,2,1,2,1,2,2,0.75,1,0.75,1,0.75,0.75,1,1,1,1,1,1,0.833333333,1,0.833333333,1,0.833333333,1,4,4,4,3,3,4,3,4,3,3,4,3,4,3,3,4,3,4,4,3,3,3,3,3,2,4,4,3,3,3,3,3,3,3,3,2,4,4,3,4,4,4,3,1,3,4,2,3,3.25,3,2.75,3.75,3,3,3.75,3.5,3.25,3.5,3.5,3,3,3.5,3.25,3.333333333,3.125,3.416666667,0.875,1,0.875,1,0.75,1
109,M,1,5.48,1,1,1,1,0,0,1,1,1,1,1,1,0,0,0,0,1,1,1,0,0,1,0,0,0,1,1,1,1,0,1,1,1,0,1,0,1,0,0,0,1,1,1,0,1,1,1,0,0,1,1,1,1,2,1,1,1,2,2,1,2,2,2,2,1,1,1,2,2,1,2,2,1,1,2,2,1,1,1,1,1,2,1,2,1,2,2,1,1,1,1,2,1,1,1,2,2,0.75,0.75,0.75,0.25,0.5,0.25,1,0.75,0.5,0.25,0.75,0.5,0.75,0.75,0.333333333,0.5,0.541666667,0.625,4,4,4,1,2,4,4,4,3,3,4,2,2,2,2,4,4,4,2,2,4,2,2,1,4,3,3,4,1,4,4,4,2,4,2,4,2,2,1,4,4,4,2,4,4,4,2,2,3.25,3.5,3,2.5,3,2.25,3.5,3.25,3,2.25,3.5,3,3.25,3.25,2.583333333,2.916666667,2.916666667,3.083333333,0.5,0.625,0.625,0.75,0.5,0.5
110,M,1,5.2,2,0,1,1,0,0,0,1,1,1,1,0,0,1,1,1,1,1,1,0,1,1,0,0,0,1,1,1,0,0,0,0,1,0,0,0,1,1,1,1,0,1,1,1,1,0,0,0,0,1,1,1,2,1,2,1,1,1,1,2,1,1,1,1,1,1,1,2,1,1,1,1,2,1,1,1,1,1,2,2,2,1,1,1,1,1,1,1,2,1,1,1,1,1,1,1,2,1,0.75,0.25,0.75,0.25,0.25,0.75,1,0,0.5,0.5,0.5,0.666666667,0.583333333,0.416666667,0.5,0.541666667,0.541666667,1,4,4,2,1,2,4,4,4,4,2,1,4,4,4,4,4,4,2,4,4,1,1,2,4,4,4,1,1,2,2,3,1,1,1,4,4,4,4,2,4,4,4,4,1,1,1,2,4,3.5,2,3.25,2,1.75,3.5,4,1.25,2.75,2.75,2.75,3.166666667,2.916666667,2.333333333,2.75,2.75,2.833333333,0.875,0.625,0.5,0.75,0.25,0.25
111,M,1,5.19,3,1,1,1,1,1,1,1,1,1,1,1,1,0,1,0,1,1,1,0,1,1,1,1,1,1,1,1,0,1,1,1,0,1,1,0,1,0,0,0,1,1,1,0,0,0,1,1,1,1,1,1,1,2,1,2,2,1,1,2,2,1,1,2,1,2,2,1,2,1,2,1,2,2,1,1,2,2,2,1,2,2,2,1,2,1,1,1,1,1,1,1,2,1,2,2,2,0.75,0.75,0.75,0.25,0.5,0.75,1,1,1,0.5,0.75,1,0.75,1,0.5,0.75,0.625,0.875,4,4,4,4,3,4,3,3,4,4,3,3,1,4,2,4,3,3,1,3,4,3,4,3,3,4,4,2,3,3,4,2,3,3,1,3,1,1,1,4,4,4,1,2,1,3,3,3,3.25,3,2.5,1.75,2.75,2.5,4,3.25,3.5,2.75,2.5,3.5,2.916666667,3.583333333,2.333333333,2.916666667,2.625,3.25,0.5,0.75,0.625,0.875,0.75,1
112,F,1,5.08,4,0,0,1,1,0,1,1,1,0,1,1,0,1,1,0,1,0,0,1,1,0,0,1,0,0,0,0,1,1,0,1,1,1,1,0,0,0,1,1,0,0,0,1,1,1,0,0,1,2,2,1,1,2,1,1,1,2,1,1,2,1,1,2,1,2,2,1,1,1,1,1,1,2,1,2,1,2,2,1,1,1,2,1,2,2,1,1,2,2,2,1,1,1,2,2,1,0.5,0.5,0.5,0.5,0.75,0.5,0.75,0.5,0.25,0.25,0.75,0.5,0.5,0.5,0.583333333,0.5,0.541666667,0.5,2,2,4,4,2,4,4,4,2,4,4,2,4,4,2,4,2,2,4,4,1,1,4,1,2,1,2,4,3,2,4,4,4,3,1,2,2,4,4,2,2,2,4,4,4,2,2,4,3,3,3,3,3.5,3,3.5,3,1.75,2.25,3.25,2.5,3,2.75,3.166666667,2.666666667,3.083333333,2.708333333,0.5,0.5,0.625,0.625,0.5,0.375
113,M,1,5.18,1,1,0,1,1,1,0,0,1,1,1,1,0,0,0,1,1,1,1,0,1,1,1,0,0,1,1,1,0,0,1,1,1,1,1,1,0,1,0,1,1,1,0,0,0,1,1,0,1,1,1,1,1,1,2,1,1,1,1,1,1,1,2,1,1,1,1,1,1,1,1,1,2,1,1,1,1,1,2,1,1,1,1,1,1,1,1,2,1,2,1,2,1,1,1,1,1,0.75,0.5,0.75,0.5,0.75,0.5,0.75,0.75,0.75,0.75,0.25,0.75,0.666666667,0.75,0.583333333,0.583333333,0.625,0.666666667,4,1,4,4,4,2,1,4,4,4,4,1,1,2,4,4,4,4,1,4,4,4,1,2,4,4,4,1,1,3,4,4,4,4,4,1,4,1,3,4,3,1,2,1,4,4,1,4,3.25,2.75,3.25,2.75,3.25,2.75,3.25,3,3.25,3,1.75,3.25,3.083333333,3.166666667,2.916666667,2.666666667,3,2.916666667,0.625,0.75,0.625,0.5,0.625,0.75
114,F,1,5.11,2,1,1,1,1,0,1,0,1,0,0,0,1,1,1,0,1,1,1,1,0,0,0,0,1,1,0,1,0,0,0,1,0,1,0,0,0,0,1,1,1,1,0,0,0,0,0,0,0,1,2,1,2,2,1,2,2,1,1,2,1,1,2,1,2,2,2,2,2,2,1,2,1,2,2,2,2,1,1,2,2,2,1,2,1,1,2,2,1,1,1,1,1,1,1,1,2,0.75,0.75,0.25,0.5,0.25,0.25,0.75,0.25,0,1,0.5,0.25,0.583333333,0.333333333,0.333333333,0.583333333,0.458333333,0.458333333,4,3,4,3,2,4,2,3,1,1,2,4,4,3,1,3,3,3,3,2,2,1,2,4,3,2,3,2,1,1,3,2,3,1,2,1,1,3,3,4,4,1,1,1,1,1,1,2,2.75,2.75,2.25,2.5,1.75,1.75,2.75,1.75,1.25,3.5,2.75,2,2.583333333,1.916666667,2,2.75,2.291666667,2.333333333,0.625,0.875,0.5,0.375,0.25,0.125
116,M,1,5.02,4,1,1,0,1,0,1,1,1,1,1,1,1,1,1,1,1,0,1,1,0,1,1,0,1,1,1,0,0,1,1,1,1,1,1,1,1,1,1,1,1,1,0,0,1,1,0,1,1,1,2,2,1,2,1,1,1,1,1,1,1,1,1,1,1,2,1,1,2,1,1,2,1,1,1,2,1,1,1,1,1,1,1,1,1,1,1,1,1,1,2,2,1,1,2,1,1,1,0.5,0.75,0.75,0.75,1,1,0.5,0.75,0.5,1,1,0.75,0.75,0.833333333,0.833333333,0.791666667,0.791666667,4,3,2,4,2,4,4,4,4,4,4,4,4,4,4,4,2,4,4,2,4,4,2,4,4,4,2,1,4,4,4,4,4,4,4,4,4,4,4,4,4,2,2,4,4,2,4,4,4,3,3.5,3.25,3.5,4,4,3,3.5,2.75,4,4,3.5,3.5,3.583333333,3.583333333,3.541666667,3.541666667,0.875,0.75,0.625,0.75,0.875,0.875
117,M,1,5.47,4,1,1,1,0,1,1,1,1,1,1,1,0,1,1,1,1,1,0,1,1,0,0,1,1,0,1,1,1,1,1,1,1,1,0,1,1,1,1,1,1,1,1,1,1,1,1,1,1,1,1,1,2,2,1,1,1,1,1,2,2,1,1,1,1,1,1,1,2,2,2,1,1,2,1,1,1,1,1,1,1,2,2,1,1,1,1,1,1,1,1,1,1,1,2,1,1,1,1,1,0.75,1,0.75,1,0.75,0.5,0.75,1,0.75,1,0.75,0.833333333,0.833333333,0.916666667,0.791666667,4,4,4,2,3,4,4,4,4,4,3,2,4,4,4,4,4,1,4,3,2,2,4,4,2,4,4,4,4,4,4,4,3,2,4,4,4,4,4,4,4,4,4,4,4,3,4,4,4,4,3.75,3.5,3.75,3.25,4,3,3,3.5,4,3.25,3.916666667,3.333333333,3.5,3.583333333,3.708333333,3.458333333,0.875,0.875,1,0.875,0.875,0.625
119,M,1,5.09,3,1,0,1,1,0,0,1,0,1,1,1,0,0,0,0,1,1,1,0,1,1,1,0,0,0,1,0,0,0,1,1,0,1,1,0,0,1,1,1,0,1,0,0,0,1,0,1,0,1,2,1,1,2,1,2,2,1,1,1,2,2,2,2,1,1,1,2,2,1,1,2,2,2,1,2,1,1,2,1,2,2,1,2,2,1,1,1,1,1,2,2,2,1,2,1,2,0.25,0.5,0.5,0.75,0.25,0.5,0.75,0.25,0.75,0.25,0.75,0.5,0.416666667,0.583333333,0.5,0.5,0.458333333,0.541666667,4,2,4,4,2,1,3,2,4,4,4,2,2,2,2,4,4,4,2,3,4,4,2,2,2,4,2,1,1,3,4,2,3,4,2,2,4,4,4,1,4,2,2,2,4,2,4,2,2.25,2.5,2.75,3.25,2.5,3,3.5,2,3.5,2.5,3.25,3,2.5,3,2.916666667,2.916666667,2.708333333,2.958333333,0.5,0.5,0.375,0.5,0.5,0.625
120,F,1,5.98,2,0,0,0,1,0,1,1,1,1,1,1,0,1,1,1,1,0,1,1,0,1,1,1,0,1,1,0,0,1,0,1,0,1,1,1,1,0,1,1,1,1,1,1,0,0,0,1,1,2,1,1,2,2,2,1,1,1,1,1,1,1,2,1,1,1,1,1,1,1,1,1,2,2,1,2,1,2,2,2,1,1,2,2,1,2,1,1,1,1,1,1,1,2,2,1,2,1,0.5,0.75,0.5,0.5,1,0.75,0.75,0.5,0.25,0.75,0.75,0.75,0.666666667,0.666666667,0.583333333,0.708333333,0.625,2,1,1,3,2,3,4,4,4,4,4,1,4,3,4,4,1,4,4,1,4,4,4,2,3,4,2,1,3,2,3,1,4,3,3,4,2,4,4,4,4,4,4,1,2,2,4,3,3.75,2.5,3.5,2.5,2.25,3.5,3.5,3.25,2.75,1.75,3.25,3.25,3.25,3.166666667,2.75,2.75,3,2.958333333,0.75,0.5,0.5,0.75,0.875,0.625
121,M,1,5.67,3,1,1,1,1,1,1,1,1,1,1,1,1,1,1,0,1,1,0,1,0,1,1,1,1,0,1,1,1,1,0,1,1,0,1,1,0,1,1,1,1,0,1,0,1,1,0,1,1,1,1,1,1,1,1,1,1,1,1,1,1,1,1,1,1,1,1,1,2,1,1,1,1,1,1,1,1,1,1,1,1,1,1,1,1,1,1,1,1,1,1,1,1,1,1,1,2,0.75,0.75,0.5,1,0.5,0.75,1,1,1,0.75,0.5,1,0.666666667,1,0.75,0.75,0.708333333,0.875,4,4,4,4,4,4,4,4,4,4,4,4,4,4,1,4,4,1,4,2,4,4,4,4,1,4,4,4,4,1,4,4,1,4,4,1,4,4,4,4,1,4,1,4,4,1,4,3,3.25,3.25,2.5,4,2.5,3,4,4,4,3.25,2.75,4,3,4,3.166666667,3.333333333,3.083333333,3.666666667,0.875,0.875,0.625,0.75,0.625,1
123,F,1,5.56,3,1,0,1,1,0,0,1,1,1,0,0,0,1,0,1,1,1,1,0,1,1,1,0,0,1,1,1,0,1,0,1,1,1,1,1,1,0,1,1,1,0,1,1,1,0,1,0,0,1,2,1,1,2,2,2,1,1,2,2,2,1,2,1,1,1,2,2,1,1,2,1,2,1,1,1,2,1,2,1,2,1,2,2,1,2,1,1,1,1,1,1,1,2,2,2,2,0.75,0.75,1,0.75,0.75,0.25,0.75,0.5,0.25,0.75,0.75,0.5,0.833333333,0.5,0.583333333,0.666666667,0.708333333,0.583333333,4,2,4,4,2,2,3,4,4,2,2,2,4,2,4,4,4,3,2,4,4,3,1,2,4,4,4,2,4,2,4,3,4,3,3,4,2,4,4,4,1,4,4,4,2,3,2,2,3.5,3.25,3.5,3.5,3.25,2.25,3.5,2.75,2.5,3.5,3.25,2.5,3.416666667,2.916666667,3,3.083333333,3.208333333,3,0.75,0.75,0.75,0.625,0.625,0.375
124,F,1,5.58,4,0,0,0,1,0,1,0,1,0,0,1,0,1,0,0,1,0,0,0,0,0,1,0,0,0,0,0,1,0,0,1,0,0,0,0,1,0,0,1,0,0,1,0,0,1,0,1,0,2,2,2,1,2,1,2,1,2,2,1,2,1,2,2,1,2,2,1,1,1,2,2,2,2,2,2,1,2,2,1,2,2,2,2,1,1,2,2,2,2,1,2,2,2,2,2,2,0.25,0.25,0.5,0.25,0.5,0.25,0.5,0,0.25,0.25,0.25,0.25,0.333333333,0.25,0.333333333,0.25,0.333333333,0.25,2,2,2,4,2,4,2,4,2,2,4,2,4,2,2,4,2,2,1,1,1,3,2,2,2,2,2,4,2,2,4,2,2,2,2,4,1,2,3,2,2,4,2,2,3,2,3,2,2,2.5,2.5,2.5,3,2.5,3,1.5,2,2.5,2.5,2.5,2.333333333,2.166666667,2.666666667,2.5,2.5,2.333333333,0.25,0.375,0.375,0.125,0.375,0.25
126,M,1,5.11,2,1,0,1,1,0,0,1,1,1,1,1,1,1,1,1,1,1,1,1,0,0,1,0,0,0,0,0,0,1,1,1,0,1,1,1,1,0,1,1,1,0,1,1,1,1,0,1,1,1,2,1,1,2,2,1,1,1,1,1,1,1,1,1,1,1,2,1,2,1,1,2,2,2,2,2,2,1,1,1,2,1,1,1,1,2,1,1,1,2,1,1,1,1,2,1,1,1,0.75,0.25,0,0.75,1,0.75,0.75,0.75,0.75,0.5,1,0.666666667,0.75,0.583333333,0.75,0.625,0.75,4,2,4,4,2,2,4,4,4,4,4,4,4,4,4,4,4,3,4,2,1,4,2,2,2,2,2,2,4,4,4,2,4,4,4,4,2,4,4,4,2,4,4,4,4,2,4,4,4,3.25,2.25,2,3.5,4,3.5,3.5,3.5,3.5,3,4,3.166666667,3.5,3.166666667,3.5,3.166666667,3.5,0.5,0.75,0.75,0.625,0.625,0.875
127,F,1,5.7,3,1,1,1,1,0,1,1,1,1,1,1,1,1,1,0,1,1,1,0,1,1,0,1,1,1,1,1,1,0,1,0,1,1,1,1,1,1,1,1,1,1,1,0,1,1,1,1,1,1,1,1,1,2,1,1,1,1,1,1,1,1,1,2,1,1,1,2,1,1,2,1,1,1,1,1,1,1,1,2,1,2,1,2,1,1,1,1,1,1,1,1,1,1,1,1,1,1,0.5,1,1,0.75,1,1,0.75,1,0.75,0.75,0.75,0.833333333,0.916666667,0.916666667,0.75,0.875,0.833333333,4,4,4,4,2,4,4,4,4,4,4,4,4,4,2,4,4,4,2,4,4,2,4,4,4,4,4,4,1,4,2,4,3,4,3,4,4,4,4,4,4,4,1,4,4,4,4,4,4,2.75,3.5,4,3.25,4,4,3.5,4,3.5,3.5,3.5,3.416666667,3.833333333,3.75,3.5,3.583333333,3.666666667,1,0.875,0.625,0.75,1,0.875
128,M,1,5.58,1,1,1,0,0,1,1,0,1,0,0,1,1,0,0,0,1,1,0,0,1,0,1,1,0,1,1,1,0,1,1,1,1,0,0,1,0,0,0,0,0,1,1,1,0,1,1,1,0,1,1,2,2,1,1,2,1,2,2,1,1,2,2,1,1,1,2,2,1,2,1,1,2,2,1,1,2,1,1,1,1,2,1,1,2,2,2,1,2,1,1,1,2,1,1,2,2,0.5,0.75,0.5,0.25,0.5,0.5,0.75,1,0.25,0,0.75,0.75,0.583333333,0.666666667,0.416666667,0.5,0.5,0.583333333,4,4,2,2,4,4,2,4,2,2,4,4,2,2,1,4,4,2,2,4,2,4,4,2,3,4,4,2,4,4,4,4,2,1,4,2,2,2,1,2,4,4,4,2,4,4,3,2,3,3.5,3,2.25,3,3,3.25,4,2.25,1.75,3.5,3.25,3.166666667,3.166666667,2.75,2.833333333,2.958333333,3,0.375,0.375,0.625,0.875,0.5,0.5
129,F,1,5.05,4,0,1,1,0,0,1,0,1,1,1,1,0,1,1,0,1,1,1,1,1,1,1,1,1,1,0,0,0,1,1,0,1,0,1,1,1,1,1,1,1,1,1,1,0,1,1,0,0,2,1,1,2,2,1,2,1,1,1,1,2,1,1,2,1,1,1,1,1,1,1,1,1,1,2,2,2,1,1,2,1,2,1,1,1,1,1,1,1,1,1,1,2,1,1,2,2,1,0.75,0.5,0.5,0.5,0.75,0.75,1,1,0.25,0.75,0.75,0.75,0.916666667,0.583333333,0.583333333,0.666666667,0.75,2,4,4,2,2,4,2,4,4,4,4,2,4,4,2,4,4,4,4,4,4,4,4,4,4,2,2,2,4,4,2,4,2,4,4,4,4,4,4,4,4,4,4,2,4,4,2,2,4,3.5,3,3,3,3.5,3.5,4,4,2.5,3.5,3.5,3.5,3.833333333,3.166666667,3.166666667,3.333333333,3.5,0.75,0.5,0.625,0.875,0.625,0.875
130,F,1,5.23,1,1,0,0,0,0,1,0,0,0,0,0,0,0,0,0,0,0,1,0,0,1,0,1,0,0,0,1,0,0,0,1,1,0,1,0,0,1,0,0,0,1,0,0,0,1,0,0,0,1,2,1,2,1,2,1,1,1,1,1,1,1,1,1,1,2,1,1,2,1,2,1,1,2,1,1,1,1,1,1,1,2,2,1,1,1,1,1,1,2,1,1,1,2,1,1,2,0.25,0.25,0,0,0.25,0.5,0.25,0.5,0.25,0.25,0.25,0.25,0.166666667,0.333333333,0.25,0.25,0.208333333,0.291666667,4,2,1,2,1,3,1,1,1,1,1,1,1,1,1,1,2,4,1,2,4,2,4,1,2,1,4,1,1,1,4,4,2,3,1,1,4,1,1,1,3,1,1,1,3,1,1,2,2.25,1.5,1,1,2.25,2.75,2,2.5,1.75,1.75,1.5,1.75,1.583333333,2.083333333,2,1.666666667,1.791666667,1.875,0.125,0.25,0.25,0.375,0.25,0.25
131,F,1,5.2,1,1,1,1,1,0,0,1,1,1,0,1,0,0,1,0,1,0,1,1,1,1,0,0,1,1,1,1,1,1,1,1,1,1,1,1,1,1,1,0,1,1,1,1,0,1,1,0,0,1,1,1,1,2,2,2,1,1,2,2,2,1,1,1,1,2,1,1,2,1,2,2,2,1,1,1,1,2,2,1,1,2,2,2,1,1,1,1,1,1,2,1,2,2,2,2,2,1,0.5,0.5,0.5,0.75,0.5,1,1,1,0.75,0.75,0.5,0.666666667,1,0.583333333,0.666666667,0.625,0.833333333,4,4,4,4,2,2,3,4,4,2,3,2,1,4,1,4,2,4,4,3,4,2,2,3,4,4,4,4,3,3,4,4,3,3,3,4,4,4,1,4,4,3,4,2,3,3,2,2,4,2.75,2.75,2.5,3.25,2.75,4,3.5,3.25,3.25,3.25,2.5,3.166666667,3.583333333,2.833333333,3,3,3.291666667,0.75,0.875,0.625,0.875,0.5,0.75
201,M,2,10.09,1,1,1,1,1,1,1,0,1,1,1,1,0,0,1,1,1,1,1,0,0,1,1,1,1,1,1,1,1,0,1,1,0,0,1,1,0,0,1,0,1,1,1,0,1,0,0,1,0,1,1,1,1,1,1,1,2,1,2,1,1,1,1,2,1,2,2,1,1,2,1,1,2,1,1,1,1,2,1,1,2,2,1,1,1,1,1,2,1,1,2,1,2,2,1,1,2,1,0.75,0.75,0.75,0.5,1,1,0.5,0.5,0.5,0.75,0.25,0.833333333,0.666666667,0.75,0.5,0.791666667,0.583333333,4,4,4,4,4,4,1,3,4,3,4,1,1,4,3,4,3,3,1,1,3,4,4,3,4,4,4,4,2,4,4,2,2,4,4,1,1,4,2,4,4,3,1,3,2,1,4,2,4,3,3,3,2,3.5,4,3,2.75,2.75,2.75,2.25,3.333333333,3.25,2.833333333,2.583333333,3.083333333,2.916666667,0.875,0.75,0.625,0.625,0.875,0.375
202,M,2,10.78,2,0,0,0,1,0,0,0,1,1,1,1,0,0,1,1,1,1,0,1,1,0,1,1,0,0,0,1,0,0,0,0,1,0,0,0,1,1,1,1,1,1,1,1,0,1,1,1,1,1,1,1,1,2,1,2,1,1,2,1,2,1,1,1,1,1,1,1,1,2,1,2,2,1,1,1,1,2,2,1,1,2,2,2,2,1,1,1,1,1,1,1,1,1,1,1,2,0.75,0.75,0.5,0.25,0.25,0.25,1,0.75,1,0.25,0.25,0.75,0.666666667,0.916666667,0.25,0.416666667,0.458333333,0.666666667,1,1,1,4,2,1,2,4,4,3,4,2,1,4,4,4,4,1,4,4,2,4,3,2,1,1,4,1,2,2,1,4,2,2,2,3,4,4,4,4,4,4,4,1,4,4,4,3,3.25,3.25,2.75,1.75,2.25,2.25,4,3.25,3.75,1.75,2.25,3.25,3.083333333,3.666666667,2.083333333,2.416666667,2.583333333,3.041666667,0.5,0.625,0.5,0.5,0.375,0.875
203,M,2,10.43,3,1,1,1,1,1,0,1,1,1,1,1,0,0,0,1,0,1,1,1,1,1,1,1,1,1,1,1,0,1,1,1,1,1,1,1,0,0,0,0,0,1,1,0,1,1,0,1,0,1,1,1,1,1,2,1,1,1,1,1,2,1,1,1,1,1,1,1,1,1,2,1,1,1,1,1,1,2,2,1,1,1,2,1,1,1,1,1,1,1,1,1,1,1,1,1,2,0.75,1,0.75,0,0.75,0.5,1,0.75,0.75,0.25,1,1,0.833333333,0.833333333,0.416666667,0.75,0.625,0.791666667,4,4,4,4,4,2,4,4,4,4,4,2,1,1,4,1,4,4,4,4,4,3,4,4,4,4,4,1,3,3,4,4,4,3,4,1,1,1,1,1,4,4,1,4,4,1,4,2,3.25,3.5,3,1,3.25,2.75,4,3.5,3.5,1.75,4,3.75,3.25,3.666666667,2.333333333,3.166666667,2.791666667,3.416666667,0.375,0.625,0.875,0.875,0.625,0.875
204,F,2,9.95,4,0,0,1,0,1,1,1,1,1,1,1,0,1,1,0,1,1,1,1,1,1,0,0,0,0,1,1,0,1,0,0,0,1,0,0,1,1,0,1,1,1,1,1,0,1,0,0,0,1,1,1,1,1,1,2,1,1,2,1,2,1,1,2,1,2,1,1,1,2,1,1,1,1,1,2,1,2,1,2,2,2,2,2,1,1,2,1,1,1,1,1,2,2,1,1,1,0.75,0.75,0.25,0.25,1,0.75,0.75,1,0.25,0.5,0.25,0.5,0.583333333,0.666666667,0.666666667,0.416666667,0.625,0.541666667,1,1,4,1,4,4,3,4,4,3,4,2,4,4,2,4,3,4,4,4,3,1,1,1,1,4,3,1,3,1,2,2,3,2,2,4,4,2,4,4,4,4,4,2,3,1,1,1,3.5,3.5,1.5,1.75,3.75,3.25,3.5,3.75,1.5,2.25,2,2.75,2.833333333,2.916666667,2.916666667,2.333333333,2.875,2.625,0.5,0.625,0.875,0.625,0.5,0.375
205,F,2,10.71,1,1,1,1,1,1,1,1,0,1,1,1,1,0,0,0,0,1,1,0,0,1,1,1,1,1,1,1,1,1,1,1,1,1,1,1,1,1,0,0,0,1,1,0,0,1,1,1,1,1,1,1,1,1,1,2,2,2,2,1,2,1,1,2,1,2,2,2,1,2,1,2,1,1,1,1,1,2,1,2,1,2,2,2,1,1,1,1,1,1,1,1,1,1,1,1,2,1,0.75,1,0,0.5,1,1,1,1,0.25,0.5,1,0.916666667,1,0.5,0.583333333,0.708333333,0.791666667,4,4,4,4,4,4,3,2,3,3,4,3,1,1,2,1,3,3,2,1,3,4,3,4,4,4,4,4,3,4,3,4,3,3,3,4,4,1,1,1,4,4,1,1,4,4,4,3,4,3.25,3.25,1.25,2.25,3.5,4,3.5,3.25,1.75,2.5,3.75,3.5,3.583333333,2.333333333,2.666666667,2.916666667,3.125,0.5,0.625,0.625,0.75,1,1
206,M,2,10.71,2,0,1,0,0,1,1,0,1,1,1,1,1,1,1,1,1,1,1,1,1,1,1,1,1,1,1,0,0,1,1,0,0,1,0,0,1,1,1,1,1,1,1,1,1,1,1,1,1,1,1,1,1,2,1,1,1,1,2,2,2,1,1,1,1,1,2,1,1,2,2,2,2,2,1,1,1,2,2,1,1,2,2,2,1,1,1,1,1,1,1,1,1,1,2,1,2,1,1,1,0.5,0.5,0.5,1,1,1,0.25,0.75,1,1,1,0.5,0.666666667,0.75,0.833333333,1,4,1,1,3,4,1,4,4,3,3,3,4,4,4,4,4,3,4,4,3,3,3,3,3,4,1,1,3,3,1,1,3,2,2,4,4,4,4,4,4,4,4,4,4,3,4,3,4,3.75,3,2.25,2,2.75,4,4,3.5,1.75,3,3.25,3.583333333,3.833333333,2.333333333,2.666666667,2.958333333,3.25,0.75,0.625,0.75,0.875,0.75,1
207,F,2,10.9,3,1,1,1,0,1,0,0,1,1,1,1,1,0,0,0,0,1,1,1,0,0,0,1,0,1,1,1,1,1,1,1,1,0,1,1,0,0,0,0,1,1,0,0,0,1,0,0,1,1,1,1,1,1,2,1,2,1,2,1,2,1,1,1,1,1,2,1,1,2,2,1,1,1,1,1,1,2,1,1,1,2,2,2,1,1,1,1,1,1,1,1,1,2,1,2,2,1,1,0.5,0.25,0.25,0.5,0.75,0.5,1,0,0.75,0.25,0.833333333,0.75,0.333333333,0.333333333,0.583333333,0.541666667,4,4,4,1,4,2,1,3,4,3,4,3,1,1,1,1,4,3,4,1,2,2,4,1,4,4,4,4,3,4,4,4,2,3,3,1,1,1,1,4,4,1,1,1,3,1,2,3,4,3.75,2.25,1.75,1.75,2.25,3.25,2.5,3.5,1,3,2.25,3.333333333,3.083333333,1.916666667,2.083333333,2.625,2.583333333,0.625,0.375,0.625,0.625,0.5,0.625
208,M,2,10.64,4,0,1,0,0,0,0,0,0,1,1,0,0,1,1,1,1,1,1,1,1,0,1,0,1,0,1,0,1,1,0,0,0,1,1,1,1,1,1,1,1,1,1,1,0,1,0,0,1,1,1,1,2,1,1,1,1,1,1,1,1,1,1,1,1,2,1,1,1,2,1,2,2,2,1,1,2,2,1,1,1,2,2,1,1,1,1,1,1,1,1,1,1,1,2,1,2,1,0.75,0.5,0.25,0,0.5,1,1,0.5,0.5,0.25,1,0.75,0.833333333,0.25,0.583333333,0.5,0.708333333,1,4,1,2,1,1,1,1,4,4,1,1,4,4,4,4,3,4,4,4,2,4,2,3,2,4,1,3,3,1,1,1,3,3,4,4,4,4,4,4,4,4,4,1,4,2,1,3,4,3.25,2.5,2,1,2.5,4,3.75,2.75,2.5,1.5,3.5,3.25,3.5,1.833333333,2.5,2.541666667,3,0.625,0.75,0.375,0.625,0.5,0.75
209,F,2,10.1,3,1,1,1,1,1,0,1,1,1,1,1,1,0,1,1,1,1,0,1,1,0,0,1,1,1,1,1,0,1,1,1,1,1,1,1,0,0,0,0,0,1,1,0,0,0,0,0,0,1,1,1,1,1,2,1,1,2,1,1,2,1,1,2,1,2,1,1,1,2,2,2,1,1,1,1,2,2,1,1,1,2,2,2,1,1,1,1,1,1,1,1,1,2,1,2,1,0.75,1,0.75,0,0.5,0,1,0.75,1,0.75,0.75,0.5,0.833333333,0.916666667,0.166666667,0.666666667,0.5,0.791666667,4,4,4,4,4,2,4,4,3,4,4,3,1,4,3,4,3,1,4,4,2,2,3,4,4,4,4,2,3,4,4,4,3,3,3,1,1,1,1,1,4,4,1,1,2,1,2,1,3.5,3.75,2.5,1,2.5,1.5,4,3.5,3.5,3,3,2.75,3.25,3.666666667,1.666666667,2.916666667,2.458333333,3.291666667,0.375,0.875,0.75,0.75,0.375,0.75
210,M,2,10.9,2,0,0,0,0,0,0,0,0,1,1,1,1,1,1,1,1,1,1,1,1,1,0,0,1,0,0,1,0,1,1,0,0,0,1,1,1,1,1,1,1,1,1,1,1,1,1,1,0,1,2,1,1,1,1,1,2,1,1,2,1,1,1,1,1,1,1,1,1,1,2,1,2,2,1,1,1,1,2,1,1,2,1,1,1,1,1,1,1,1,1,1,1,1,1,1,2,1,1,0.5,0.25,0.5,0.75,1,1,0.75,0,0,1,0.833333333,0.916666667,0.5,0.333333333,0.666666667,0.625,1,2,1,1,1,1,1,2,4,4,3,4,4,4,4,4,4,4,4,4,4,2,1,3,2,1,4,1,4,3,1,1,2,4,4,4,4,4,4,4,4,4,4,4,4,4,4,2,4,4,2.5,2,2.25,3.5,4,4,3.5,1.25,1.25,3.75,3.5,3.833333333,2.583333333,2.083333333,3.041666667,2.958333333,0.625,0.5,0.75,0.5,0.625,0.875
211,M,2,10.93,1,1,1,1,1,1,1,1,1,1,1,0,1,0,0,0,0,0,1,0,1,1,0,1,0,1,1,1,1,1,1,1,1,0,1,1,0,0,1,0,1,0,1,0,0,1,1,0,0,1,1,1,1,1,1,1,1,1,1,2,1,1,1,1,1,2,2,1,1,1,2,1,2,1,1,1,1,2,1,1,1,2,1,1,1,1,1,1,1,1,2,1,1,1,2,1,1,1,1,0.75,0,0.5,0.5,1,1,0.5,0.5,0.25,0.5,0.916666667,0.833333333,0.333333333,0.416666667,0.625,0.625,4,4,4,4,4,4,4,4,4,4,2,4,1,1,1,1,2,3,1,4,4,2,4,2,4,4,4,4,3,4,4,4,2,4,4,1,1,4,1,4,1,3,1,1,4,3,1,1,4,4,3.5,1,2.5,3,4,3.75,2.75,2.5,1.5,2.25,3.833333333,3.5,2.166666667,2.083333333,3,2.791666667,0.5,0.75,0.75,0.625,0.625,0.5
212,F,2,10.89,4,0,1,0,0,0,0,0,1,1,0,0,1,1,1,1,1,1,0,1,1,0,1,1,1,0,0,0,0,1,0,0,0,1,0,1,1,1,0,1,1,1,1,1,0,0,1,1,0,1,1,1,1,1,1,1,1,1,2,1,1,1,1,1,1,2,2,1,1,1,2,2,2,1,1,1,2,1,1,1,1,2,1,2,1,1,1,1,1,1,1,1,2,1,1,1,1,0.75,0.75,0.5,0.25,0.25,0.5,1,0.75,0.75,0,0.25,0.75,0.666666667,0.833333333,0.333333333,0.333333333,0.5,0.583333333,1,4,1,1,1,1,1,4,4,2,1,4,4,4,4,4,3,2,4,4,1,3,3,3,1,1,1,2,4,1,1,1,3,1,3,4,4,1,4,4,4,4,4,2,1,4,4,1,3.25,3.5,2.5,1.75,1.75,2.75,4,3.25,2.5,1.25,1.75,2.75,3.083333333,3.25,2.083333333,1.916666667,2.583333333,2.583333333,0.5,0.5,0.5,0.5,0.5,0.75
213,F,2,10.9,1,1,1,1,1,1,1,1,1,0,1,1,0,0,0,0,0,1,0,0,0,1,0,1,0,1,1,1,1,0,1,1,1,1,1,1,0,1,1,1,1,1,1,1,1,1,1,1,1,1,1,1,1,1,1,2,2,1,1,2,2,1,1,1,1,2,2,2,1,2,1,1,1,1,1,1,1,2,1,1,1,1,1,1,1,1,1,2,1,1,1,2,1,1,2,1,2,1,1,0.5,0,0.25,0.5,1,0.75,0.75,1,1,1,0.833333333,0.833333333,0.25,1,0.541666667,0.916666667,4,4,4,4,4,4,3,3,1,4,3,2,1,1,1,1,3,2,2,1,3,1,4,1,4,4,4,4,2,4,4,4,4,4,4,1,4,4,3,4,4,4,3,4,4,3,4,3,4,3.5,2.5,1,2,2.25,4,3.5,3.25,3.75,3.75,3.5,3.333333333,3.583333333,1.75,3.666666667,2.541666667,3.625,0.5,1,0.625,0.875,0.5,0.875
214,M,2,10.32,2,0,1,1,0,0,0,1,1,1,1,0,1,1,1,0,1,1,1,1,1,1,0,1,1,1,0,1,0,1,1,0,0,0,1,0,1,1,1,1,1,1,1,1,1,1,0,1,1,1,1,1,2,2,2,2,1,1,1,1,1,1,1,2,1,2,1,1,1,2,1,2,2,1,1,1,1,1,1,1,2,2,2,1,1,1,1,1,1,1,1,1,1,1,1,1,1,0.75,1,0.75,0.5,0.5,0.5,1,1,0.75,0.5,0.5,0.75,0.833333333,0.916666667,0.5,0.583333333,0.666666667,0.75,1,4,4,2,2,2,3,4,4,4,1,4,4,4,2,4,3,4,4,4,3,1,3,3,4,1,4,1,4,4,1,2,2,3,1,4,4,4,4,4,4,4,4,4,4,1,4,4,3.5,3.75,2.5,2.5,2.75,2.5,4,4,3.25,2.75,2.75,3.25,3.25,3.75,2.583333333,2.916666667,2.916666667,3.333333333,0.625,0.75,0.75,0.75,0.625,0.75
215,M,2,10.56,3,1,1,1,1,1,1,1,1,1,1,1,0,1,0,0,1,1,0,0,1,0,0,1,1,1,1,1,1,0,1,1,1,0,1,1,0,0,0,0,1,1,0,0,1,0,0,0,0,1,2,1,1,1,1,1,1,1,1,1,2,2,2,2,1,2,2,2,1,2,2,1,1,1,1,1,2,2,1,2,1,2,2,1,1,1,1,1,1,2,2,1,2,2,1,2,2,1,0.75,0.5,0.25,0.5,0,1,1,0.75,0.5,0.5,0.5,0.75,0.916666667,0.25,0.5,0.5,0.708333333,4,3,4,4,4,4,4,4,4,4,4,2,3,2,2,4,3,2,2,4,2,2,4,4,4,4,4,3,2,4,3,4,2,3,4,1,1,1,1,4,3,2,1,3,2,1,2,2,3.75,3.25,2.5,1.75,2.25,1.75,3.75,4,3.5,2.75,2.75,3,3.166666667,3.75,1.916666667,2.833333333,2.541666667,3.291666667,0.625,0.75,0.625,0.75,0.25,0.625
217,F,2,10.79,1,1,1,1,1,1,1,0,1,1,1,1,0,0,0,1,0,0,0,1,0,0,1,1,0,1,1,1,1,1,1,1,1,1,1,1,1,0,1,0,1,1,0,0,1,1,1,1,1,1,2,1,1,2,1,2,2,2,1,1,2,1,1,1,1,2,2,2,2,2,2,2,2,1,1,1,1,1,1,1,1,2,1,1,1,2,1,2,1,1,2,1,2,1,1,1,1,1,0.75,0.75,0.25,0.25,0.5,1,1,1,0.5,0.5,1,0.833333333,1,0.333333333,0.666666667,0.583333333,0.833333333,4,3,4,4,3,4,2,3,3,4,4,2,1,1,4,1,2,2,3,2,2,3,3,2,4,4,4,4,4,4,4,4,3,4,4,4,2,4,2,4,4,2,1,3,4,4,4,4,3.75,3,3.25,1.75,2.25,2.5,4,4,3.75,3,2.5,4,3.333333333,3.916666667,2.166666667,3.166666667,2.75,3.541666667,0.625,0.75,0.5,0.75,0.625,1
219,F,2,10.43,3,1,1,1,1,1,1,1,1,1,0,1,0,0,0,0,1,1,1,0,1,1,0,1,0,1,1,1,1,1,1,1,1,0,0,1,1,0,1,0,0,1,0,1,0,0,0,0,1,1,1,1,1,1,1,1,1,2,2,1,2,1,2,1,1,2,2,1,1,2,2,1,2,1,1,1,2,2,1,1,1,2,2,2,1,1,1,1,1,1,1,1,1,2,2,2,2,1,1,0.5,0.25,0.5,0.25,1,1,0.5,0.25,0.75,0.5,0.833333333,0.833333333,0.333333333,0.5,0.583333333,0.666666667,4,4,4,4,4,4,4,4,3,2,4,2,1,2,1,4,3,3,1,4,3,2,4,2,4,4,4,3,3,4,4,4,2,2,3,4,1,4,1,1,4,1,4,1,2,2,2,3,3.75,3.75,2.75,1.75,2.5,2.25,4,4,2.75,2,2.75,2.75,3.416666667,3.583333333,2.166666667,2.5,2.791666667,3.041666667,0.625,0.625,0.75,0.875,0.375,0.5
220,M,2,10.05,4,0,0,0,0,0,0,0,1,1,1,0,0,1,1,1,1,0,1,1,1,1,1,1,1,0,0,1,0,1,1,1,0,1,0,1,1,1,1,1,1,1,1,1,0,0,0,1,0,1,1,1,1,1,1,1,2,1,1,2,1,1,1,1,1,2,2,1,1,2,2,2,2,1,1,2,1,2,2,2,1,2,2,2,1,1,1,1,1,1,1,1,1,2,2,1,2,1,0.75,0.25,0,0.25,0.5,1,0.75,1,0.25,0.75,0.75,0.666666667,0.916666667,0.25,0.583333333,0.458333333,0.75,1,1,1,1,1,1,1,3,4,4,2,1,4,4,4,4,2,3,4,4,3,3,3,3,1,1,3,1,3,3,3,1,3,2,3,4,4,4,4,4,4,4,4,1,2,2,4,2,4,3.25,2.5,1,1.5,2.75,4,3.25,3,1.5,2.5,3,3.25,3.416666667,1.75,2.333333333,2.5,2.875,0.5,0.625,0.5,0.75,0.375,0.875
221,F,2,10.62,1,1,1,1,1,0,0,0,1,1,1,1,1,0,0,0,1,1,0,0,0,1,0,1,1,1,1,1,1,1,1,1,1,1,1,0,0,0,0,0,1,1,1,1,1,1,0,1,0,1,2,1,1,2,2,2,2,2,1,1,2,1,2,1,1,2,1,1,1,2,1,2,2,1,1,1,2,1,2,1,2,1,1,2,1,2,1,1,1,1,1,1,2,1,2,2,1,1,0.25,1,0.25,0.25,0.75,1,1,0.5,0.25,1,0.5,0.75,0.833333333,0.416666667,0.583333333,0.583333333,0.708333333,4,3,4,4,2,2,2,3,3,4,4,3,1,2,1,4,3,1,1,1,3,1,3,3,4,4,4,3,4,3,4,3,4,4,2,1,2,1,1,4,4,4,4,3,4,2,3,1,3.75,2.25,3.5,2,1.5,2.5,3.75,3.5,2.75,2,3.75,2.5,3.166666667,3.333333333,2,2.75,2.583333333,3.041666667,0.625,0.625,0.25,1,0.875,0.5
222,M,2,10.7,2,0,1,1,0,0,0,0,1,1,1,1,1,1,1,1,1,1,1,1,0,0,1,1,1,0,0,0,0,1,0,0,0,1,0,1,0,1,1,1,1,1,1,1,1,1,0,1,0,1,1,2,1,1,1,1,1,1,2,2,1,1,1,1,1,2,1,1,2,2,1,2,2,1,2,1,1,2,2,1,1,2,2,1,2,1,1,1,1,1,1,1,1,2,2,2,2,1,0.75,0.75,0,0.25,0.5,1,1,0.5,0.5,0.25,1,0.833333333,0.833333333,0.25,0.583333333,0.541666667,0.708333333,1,4,3,1,1,1,1,4,4,3,3,4,4,4,4,4,3,4,4,2,2,4,3,3,1,2,1,1,3,2,1,1,3,2,4,2,4,4,4,4,4,4,4,4,3,2,3,2,4,3.25,3,1.25,1.75,2.75,4,4,2.5,2.25,1.75,3.5,3.416666667,3.5,1.916666667,2.5,2.666666667,3,0.5,0.75,0.5,0.625,0.625,0.75
223,M,2,10.69,3,1,1,1,1,1,1,1,1,1,1,1,1,0,1,1,1,1,1,1,1,1,1,1,1,1,1,1,1,1,1,1,1,1,1,1,1,0,1,0,1,1,1,0,0,1,0,1,1,1,1,1,1,1,1,1,1,1,1,1,1,1,1,1,1,1,1,1,1,1,1,1,1,1,1,1,1,2,1,1,1,1,1,1,1,1,1,1,1,1,1,1,1,1,1,1,2,1,1,1,0.5,0.5,0.75,1,1,1,0.75,1,1,1,1,0.583333333,0.916666667,0.791666667,0.958333333,4,4,4,4,4,4,4,4,4,4,4,4,1,4,4,4,4,4,4,4,4,4,4,4,4,4,4,4,3,4,4,4,4,4,4,4,1,4,1,4,4,4,1,1,4,1,4,3,4,3.75,4,2.5,2.5,3,4,4,4,3.25,4,4,3.916666667,4,2.666666667,3.75,3.291666667,3.875,0.75,0.875,0.75,1,0.875,1
224,M,2,10.49,4,0,0,1,0,0,1,0,1,1,1,1,1,1,1,1,1,1,0,1,1,1,0,0,0,0,0,1,0,0,0,0,0,0,0,1,0,1,1,1,1,1,0,1,0,1,0,1,1,1,1,1,2,1,2,1,1,1,2,1,1,1,1,1,1,1,2,1,1,2,2,2,2,1,1,1,1,2,1,2,1,1,2,2,1,1,1,1,1,1,1,1,1,2,1,2,2,1,0.5,0.75,0.25,0.5,1,1,0.75,0.25,0.25,0,0.25,0.75,0.666666667,0.583333333,0.166666667,0.666666667,0.416666667,1,1,4,2,1,3,1,4,4,3,4,4,4,4,4,4,4,2,4,4,3,2,2,2,1,1,4,1,2,1,2,1,1,2,3,1,4,4,4,4,4,1,4,1,3,1,3,3,4,2.5,2.5,2,2.25,3.75,4,3.5,2.25,1.75,1.5,1.75,3,3.25,2.666666667,1.666666667,2.833333333,2.458333333,0.625,0.625,0.5,0.375,0.875,0.25
226,M,2,10.49,2,0,0,0,0,0,1,0,1,1,1,0,1,1,1,0,1,1,1,1,1,0,0,1,0,0,0,1,0,1,1,0,1,0,0,1,1,1,1,1,1,1,1,1,1,1,0,1,0,1,1,2,2,1,2,1,2,1,2,2,2,1,1,2,1,2,1,1,2,2,2,2,2,1,1,1,1,2,2,2,2,2,2,2,2,1,1,2,1,1,1,1,2,2,1,2,2,0.75,1,0.25,0.25,0.75,0.5,1,1,0.5,0,0.5,0.75,0.666666667,0.833333333,0.5,0.416666667,0.583333333,0.625,1,1,2,2,1,3,1,3,4,3,2,3,4,4,2,4,3,4,4,3,2,2,3,2,1,1,4,1,3,3,2,3,2,2,3,3,4,4,3,4,4,4,4,3,3,1,3,2,3.5,3.5,2.25,1.75,2.75,2.5,3.75,3.75,2.25,1.5,2,3,3.083333333,3.25,2.333333333,2.166666667,2.708333333,2.708333333,0.5,0.5,0.875,0.75,0.375,0.625
228,F,2,10.7,4,0,0,0,0,0,1,0,0,1,1,0,0,1,1,1,1,1,1,1,1,0,0,0,1,0,0,0,0,1,1,0,1,0,1,1,1,1,1,1,1,1,1,1,0,1,0,1,1,1,2,2,1,2,2,2,2,1,2,2,1,1,1,1,1,2,2,1,1,2,2,1,2,1,2,1,1,2,2,2,1,2,1,2,2,1,1,1,1,1,1,2,1,1,2,2,1,1,0.75,0.75,0,0.25,0.5,1,1,0.25,0,0.75,0.75,0.833333333,0.75,0.25,0.5,0.541666667,0.625,1,2,2,1,2,3,2,2,4,3,2,1,4,4,4,4,3,3,4,4,2,2,1,3,1,2,1,1,3,3,2,4,2,4,3,3,4,4,4,4,4,4,3,1,4,2,3,4,4,3,3.25,1.5,2.25,2.5,4,3.5,2,1.25,3,3,3.416666667,3.166666667,2.083333333,2.416666667,2.75,2.791666667,0.5,0.5,0.5,0.875,0.625,0.5
1, ,3, ,1,1,1,1,1,1,1,1,1,1,1,1,1,0,0,0,0,1,0,0,1,1,1,1,1,1,1,1,1,1,1,1,1,1,1,0,0,0,0,0,1,1,1,0,1,1,1,1,0,1,1,1,1,1,1,2,1,1,2,2,2,1,1,1,1,2,1,1,2,2,2,1,2,1,1,1,1,2,2,1,2,2,2,2,2,1,1,1,1,2,1,1,2,2,2,2,2,1,1,1,0,0.5,1,1,1,0.5,0.25,0.75,0.75,1,0.833333333,0.5,0.583333333,0.75,0.708333333,4,4,4,4,4,4,3,4,4,3,3,3,1,1,1,1,3,1,1,3,3,3,4,3,4,4,4,4,3,3,4,3,3,3,2,2,1,1,1,4,3,4,1,3,3,3,3,2,4,3.75,3.25,1,2,3.25,4,3.25,2.5,1.75,2.75,2.75,3.666666667,3.25,2.083333333,2.416666667,2.875,2.833333333,0.5,0.625,0.75,0.875,1,0.625
2, ,3, ,1,1,1,1,1,1,1,1,1,1,1,1,0,0,0,0,0,1,0,0,1,1,0,1,1,1,1,1,1,1,1,1,1,1,1,1,1,0,0,0,0,1,1,0,0,1,1,1,0,1,1,2,1,1,1,1,1,1,1,1,1,1,1,1,1,2,1,1,2,2,2,2,1,1,1,1,1,1,1,1,1,1,1,1,2,1,1,1,1,1,1,1,2,2,2,1,2,1,1,0.75,0,0.5,0.75,1,1,1,0,0.5,0.75,0.916666667,1,0.416666667,0.416666667,0.666666667,0.708333333,4,4,3,4,4,4,4,4,4,4,4,1,1,1,1,1,3,1,1,3,3,2,3,4,4,4,4,4,4,4,4,4,4,4,4,3,1,1,1,1,4,4,1,2,3,3,4,2,3.75,4,3.25,1,2,3,4,4,3.75,1,2.75,3,3.666666667,3.916666667,2,2.25,2.833333333,3.083333333,0.5,0.5,0.75,0.75,0.75,0.875
3, ,3, ,3,1,1,1,0,0,0,1,1,0,1,1,0,0,0,1,0,1,0,0,0,1,1,1,0,1,1,1,0,1,1,1,1,0,0,0,0,0,0,0,1,1,0,0,0,1,1,0,0,1,1,1,2,2,2,1,2,1,1,2,1,1,1,1,1,2,2,1,2,1,2,1,1,1,1,1,1,1,1,1,1,1,1,2,2,1,1,1,1,2,2,1,1,2,2,2,2,0.75,1,0,0.25,0.25,0.5,0.75,0.5,0.5,0.25,0.25,0.75,0.583333333,0.583333333,0.333333333,0.416666667,0.458333333,0.5,4,4,4,2,2,2,4,3,1,4,3,1,1,1,4,1,3,2,1,2,4,3,4,1,4,4,4,1,4,4,4,4,1,1,2,2,1,1,1,4,3,2,1,1,3,3,2,2,3.25,4,1.5,1.75,1.75,2.5,3.5,2.75,2.25,1.75,2,3,2.916666667,2.833333333,2,2.25,2.458333333,2.541666667,0.5,0.5,0.625,0.375,0.25,0.625
5, ,3, ,1,1,1,1,1,1,1,1,1,0,1,0,0,1,0,1,0,1,0,0,1,1,1,0,1,1,1,1,0,1,1,1,1,0,1,1,0,0,0,0,1,1,0,0,0,1,1,0,0,1,2,1,1,1,1,2,1,2,1,2,1,2,1,2,2,2,2,1,2,2,1,2,2,1,1,1,1,2,1,2,1,2,2,2,1,1,1,1,1,2,1,1,1,2,1,2,2,1,1,0.25,0.5,0.5,0.75,0.75,1,0.5,0.25,0.25,0.5,0.75,0.75,0.583333333,0.333333333,0.666666667,0.541666667,4,3,4,4,4,4,3,4,2,4,2,1,3,1,3,2,3,2,1,3,3,4,2,3,4,4,4,1,3,4,3,4,2,3,3,1,1,1,1,4,3,1,1,1,3,4,2,2,3.75,3.75,2.25,2.25,2.25,3,3.25,3.5,2.25,1.75,1.5,2.75,3.25,3,2.5,2,2.875,2.5,0.75,0.5,0.75,0.625,0.5,0.5
6, ,3, ,2,0,1,0,0,0,0,0,1,1,0,0,0,1,1,1,1,1,0,1,1,1,0,1,1,0,0,0,0,1,0,0,0,1,1,0,1,1,1,1,1,1,1,1,1,1,1,1,0,2,2,2,1,2,1,1,2,1,2,2,1,1,1,1,1,2,1,1,1,2,2,2,2,1,1,1,1,2,2,1,1,2,2,1,2,1,1,1,1,1,1,1,2,1,1,1,2,1,0.75,0.75,0,0.25,0.75,1,1,0.75,0.25,0.25,0.25,0.833333333,0.916666667,0.333333333,0.25,0.583333333,0.583333333,2,3,2,1,2,1,1,3,4,2,2,1,4,4,4,4,3,1,4,4,3,2,3,3,1,1,1,1,3,2,1,1,3,3,1,3,4,4,4,4,4,4,4,3,4,4,4,2,4,3,2.75,1,1.75,2.5,4,3.75,3.5,2,1.75,2.25,3.25,3.75,1.75,2,2.5,2.875,0.5,0.625,0.5,0.625,0.75,0.5
7, ,3, ,3,1,0,0,1,1,1,1,1,0,1,1,1,0,0,0,0,0,0,0,0,0,1,1,0,1,1,1,0,1,1,1,1,0,1,1,0,0,0,0,0,0,1,0,0,1,1,0,0,1,1,1,1,1,1,1,1,1,1,2,2,1,1,1,1,2,1,1,1,2,2,2,2,1,1,1,1,2,1,1,1,2,1,1,1,1,1,1,1,1,1,1,1,2,2,1,1,0.75,1,0.5,0,0.25,0.5,0.5,1,0.75,0,0,0.5,0.75,0.75,0.25,0.166666667,0.5,0.458333333,4,1,1,4,4,4,4,4,1,4,3,3,1,1,1,1,2,1,1,1,2,3,3,2,4,4,4,1,3,4,4,4,2,4,4,1,1,1,1,1,1,4,1,1,3,3,1,1,3.25,3.75,2.75,1,1.75,2,2.5,4,2.75,1,1.25,2.5,3.25,3.083333333,1.583333333,1.583333333,2.416666667,2.333333333,0.375,0.25,0.625,0.5,0.5,0.625
9, ,3, ,1,1,1,1,1,0,1,1,1,0,1,0,1,0,1,0,0,1,0,0,1,1,1,1,1,1,1,1,1,1,1,1,1,1,0,1,1,0,0,0,0,1,0,0,1,1,1,1,1,1,1,1,1,2,2,1,1,1,1,2,2,1,2,1,1,2,1,1,1,2,2,1,2,1,1,1,2,1,2,1,2,2,2,2,1,1,1,1,1,1,1,1,2,1,1,1,2,1,0.75,0.5,0.25,0.5,1,1,1,0.75,0,0.5,1,0.75,0.916666667,0.583333333,0.5,0.666666667,0.708333333,4,4,4,4,2,3,4,4,1,4,2,3,1,3,1,1,3,1,1,4,3,3,4,3,4,4,4,3,4,3,4,3,3,2,3,4,1,1,1,1,4,1,1,3,4,4,4,3,4,3.25,2.5,1.5,2.25,3.25,3.75,3.5,3,1,2.25,3.75,3.25,3.416666667,2.333333333,2.333333333,2.791666667,2.875,0.625,0.5,0.625,0.75,0.75,0.875
10, ,3, ,2,1,1,1,1,1,1,1,1,1,1,1,1,1,1,1,1,1,1,1,1,1,1,1,1,1,0,1,0,0,0,0,1,1,0,1,1,1,1,1,1,1,1,1,1,1,1,1,1,1,1,1,1,1,1,1,1,1,1,1,1,1,1,1,1,2,1,1,1,2,2,1,2,1,1,2,1,1,2,1,1,2,2,2,2,1,1,1,1,1,1,1,1,1,1,1,1,1,1,1,0.5,0.25,0.75,1,1,1,1,1,1,1,1,0.5,1,0.75,1,4,4,4,4,4,4,4,4,4,4,4,4,4,4,4,4,3,4,4,4,3,3,4,3,4,1,3,1,1,2,1,4,3,2,3,3,4,4,4,4,4,4,4,4,4,4,4,4,4,3.75,3.25,2.25,2,2.75,4,4,4,4,4,4,3.666666667,4,2.333333333,4,3,4,0.75,1,0.625,1,0.875,1
11, ,3, ,3,1,1,1,1,1,0,1,1,1,1,1,1,1,0,0,0,1,0,1,0,1,1,1,1,1,1,1,1,1,1,1,1,0,1,1,1,0,0,0,1,1,1,0,0,0,0,1,1,1,2,1,1,2,1,2,1,1,1,2,2,1,1,1,2,2,1,2,1,1,2,2,2,1,1,1,1,2,1,1,1,2,2,2,1,1,1,1,2,2,1,1,1,2,2,1,2,1,1,0.75,0.25,0.5,0.5,1,0.75,1,0.25,0.5,1,0.916666667,0.916666667,0.416666667,0.583333333,0.666666667,0.75,4,3,4,4,3,1,3,4,4,4,3,3,4,1,1,2,3,1,3,1,4,3,3,3,4,4,4,4,3,4,4,4,2,3,3,4,1,1,1,3,3,4,1,1,2,2,4,3,4,3.75,3,1.5,2.25,2.75,3.75,2.75,3.5,2,2,3.25,3.583333333,3.333333333,2.166666667,2.416666667,2.875,2.875,0.625,0.625,0.75,0.625,0.625,1
13, ,3, ,1,1,1,1,1,1,1,1,1,1,1,1,1,0,0,0,0,0,0,0,1,0,0,0,0,1,1,1,1,1,1,1,1,0,0,0,1,0,0,0,0,1,0,0,0,1,1,0,1,1,2,1,1,1,1,2,1,2,1,2,2,1,1,1,1,2,2,1,2,2,2,2,2,1,2,1,2,2,1,1,1,2,2,2,1,1,1,1,1,2,1,1,1,2,2,1,2,1,1,1,0,0.25,0,1,1,0.25,0,0.25,0.75,1,0.75,0.083333333,0.333333333,0.541666667,0.541666667,4,3,4,4,4,4,3,4,3,4,3,3,1,1,1,1,2,2,1,3,2,2,2,2,4,3,4,3,3,4,4,4,2,2,2,4,1,1,1,1,3,1,1,1,3,3,1,3,3.75,3.75,3.25,1,2,2,3.5,3.75,2.5,1,1.5,2.5,3.583333333,3.25,1.666666667,1.666666667,2.625,2.458333333,0.5,0.5,0.625,0.625,0.5,0.5
14, ,3, ,2,0,0,0,0,0,1,0,1,1,1,0,0,1,1,1,1,1,0,1,1,1,1,1,0,0,0,1,1,0,1,0,0,0,1,0,1,1,1,1,1,1,1,1,1,1,1,0,0,1,2,2,1,1,2,1,2,1,1,1,1,1,1,1,1,2,2,1,2,2,2,2,2,2,2,1,2,1,1,1,1,2,2,2,1,1,1,1,1,1,1,2,1,2,2,2,2,1,0.75,0.75,0.5,0.25,0.5,1,1,0.5,0,0.5,0.5,0.833333333,0.833333333,0.416666667,0.333333333,0.625,0.583333333,1,2,2,1,1,3,1,3,4,4,1,1,4,4,4,4,3,2,4,3,3,3,3,2,2,2,4,3,1,4,1,1,2,3,2,4,4,4,4,4,4,4,3,4,3,3,2,2,4,3,2.75,2.75,1.75,2.75,4,3.75,2.5,1.5,2,2.5,3.25,3.416666667,2.416666667,2,2.833333333,2.708333333,0.75,0.5,0.5,0.75,0.625,0.5
15, ,3, ,3,1,1,1,1,1,1,1,1,1,1,0,0,1,0,1,0,0,1,1,0,1,1,1,1,1,1,1,0,1,1,1,1,0,0,0,0,1,0,0,1,1,1,0,1,0,1,0,0,1,1,1,1,2,1,1,2,2,2,2,2,1,2,2,1,2,1,2,1,2,2,1,2,1,1,1,2,2,1,1,1,2,2,2,2,2,2,1,1,1,2,1,2,2,1,2,2,0.75,1,0,0.5,0.75,0.25,1,1,0.5,0.5,0.5,1,0.583333333,0.833333333,0.5,0.666666667,0.541666667,0.75,4,4,4,4,3,4,4,3,3,3,2,2,4,2,3,1,2,4,3,1,3,3,4,3,4,4,4,2,3,4,4,4,2,2,2,2,3,2,1,4,4,3,1,3,2,4,2,2,3.5,3.75,2,2.5,2.75,2.5,4,3.5,2.5,2.5,2.5,3.25,3.083333333,3.333333333,2.583333333,2.75,2.833333333,3.041666667,0.625,0.75,0.875,0.75,0.125,0.75
17, ,3, ,1,1,1,1,1,1,1,1,0,1,1,1,1,0,0,0,0,1,1,0,1,1,1,1,1,1,1,1,1,1,1,1,1,1,1,0,1,1,1,1,1,1,1,0,1,1,1,1,1,1,1,1,2,1,1,1,2,2,1,1,2,1,1,1,1,2,1,1,2,2,1,1,1,1,1,1,1,1,1,1,1,2,1,2,2,1,1,1,1,1,1,1,1,2,2,1,2,1,0.75,1,0,0.75,1,1,1,0.75,1,0.75,1,0.916666667,0.916666667,0.583333333,0.916666667,0.75,0.916666667,4,4,4,3,4,4,4,2,3,4,4,3,1,1,1,1,3,4,1,3,3,4,4,4,4,4,4,4,4,4,4,4,3,4,2,3,4,4,4,4,4,4,1,4,3,3,4,3,3.75,3.5,3.5,1,2.75,3.75,4,4,3,4,3.25,3.25,3.583333333,3.666666667,2.5,3.5,3.041666667,3.583333333,0.5,1,0.75,0.875,1,0.875
18, ,3, ,2,0,1,0,1,0,0,0,1,1,1,1,1,1,1,1,1,1,0,1,1,0,1,1,1,0,0,1,0,1,1,0,1,1,1,1,1,1,1,1,1,1,1,1,1,1,0,1,1,1,1,2,1,1,2,2,2,1,1,1,2,1,1,1,1,2,1,1,1,2,2,2,2,2,1,1,2,2,2,2,2,2,1,2,1,1,1,1,1,1,2,1,1,2,2,1,2,1,0.75,0.75,0.25,0.75,1,1,1,0.75,0.5,0.25,1,0.833333333,0.916666667,0.666666667,0.583333333,0.75,0.75,1,4,2,4,1,2,2,3,4,4,4,3,4,4,4,4,3,1,4,4,2,3,3,3,2,1,4,2,3,3,2,3,3,4,3,4,4,4,4,4,4,3,4,4,3,2,4,3,4,3,2.75,2.25,2.75,3.5,4,3.75,3,2.75,2,3.75,3.25,3.583333333,2.833333333,2.833333333,3.041666667,3.208333333,0.625,0.75,0.75,0.625,0.875,0.875
19, ,3, ,3,1,1,1,1,1,1,1,1,0,1,1,0,0,0,0,0,0,1,0,0,1,0,1,1,1,1,1,1,1,1,1,1,0,1,0,1,0,0,0,0,1,1,0,0,0,1,0,0,1,1,1,1,1,1,1,1,2,1,1,2,1,1,1,1,2,1,1,1,2,2,1,2,1,1,1,2,2,2,1,2,2,2,2,1,2,1,1,1,2,2,1,2,2,2,1,2,1,1,0.5,0,0.5,0.25,1,1,0.5,0,0.25,0.75,0.833333333,0.833333333,0.25,0.333333333,0.541666667,0.583333333,4,4,4,4,4,4,4,4,2,4,4,2,1,1,1,1,2,4,1,1,3,2,4,3,4,4,4,3,3,3,4,3,2,3,2,4,2,1,1,1,3,3,1,2,2,3,1,2,3.75,3.25,2.75,1.25,2.25,2,4,4,3,1,2,3,3.25,3.666666667,1.833333333,2,2.541666667,2.833333333,0.5,0.5,0.75,0.625,0.375,0.625
21, ,3, ,1,1,1,0,1,1,1,0,0,1,1,1,1,0,0,0,0,0,0,1,1,1,0,1,0,1,1,1,1,1,1,1,1,1,1,1,1,1,0,1,1,1,1,0,1,1,1,1,0,1,1,1,1,1,1,2,2,2,1,2,1,1,1,2,1,2,1,2,1,1,2,2,1,1,1,1,2,1,1,1,1,1,1,1,1,1,1,1,1,1,1,1,1,1,1,1,1,0.75,0.5,1,0,0.5,0.5,1,1,1,0.75,0.75,0.75,0.75,1,0.333333333,0.75,0.541666667,0.875,4,4,1,4,4,4,2,2,3,4,3,4,1,1,2,1,2,1,3,4,4,2,3,1,4,4,4,3,4,4,4,4,4,4,4,4,4,1,4,4,4,4,1,4,4,4,4,1,3.25,3,3.5,1.25,2.5,2.5,3.75,4,4,3.25,3.25,3.25,3.25,3.916666667,2.083333333,3.25,2.666666667,3.583333333,0.375,0.875,0.5,0.875,0.75,0.875
22, ,3, ,2,1,0,1,0,1,0,0,1,1,1,1,0,1,1,0,1,0,1,0,1,1,0,1,1,1,0,1,0,1,0,1,0,1,1,1,1,0,1,1,1,1,1,1,1,0,1,1,1,2,2,1,1,1,1,1,1,1,2,2,1,1,1,1,1,2,1,2,2,2,2,2,2,2,2,1,2,1,2,1,1,2,2,2,1,2,1,1,1,2,1,1,2,2,1,1,1,0.75,0.5,0.75,0.5,0.5,1,0.75,1,0.75,0.5,0.5,0.75,0.666666667,0.833333333,0.666666667,0.583333333,0.666666667,0.708333333,3,2,4,1,4,1,1,4,4,3,3,1,4,4,1,4,2,4,2,3,3,2,3,3,3,2,4,2,4,2,4,1,3,3,3,4,2,4,4,4,3,4,4,3,2,4,4,4,3.25,2.75,2.75,2.75,2.75,3.25,3.5,3.5,3.5,2.5,2.5,2.75,2.916666667,3.5,2.916666667,2.583333333,2.916666667,3.041666667,0.625,0.625,0.5,0.75,0.875,0.75
23, ,3, ,3,0,1,1,1,1,1,0,1,0,1,1,1,1,1,1,1,1,0,1,0,1,1,1,1,0,0,1,1,0,1,0,1,0,1,1,0,0,1,1,1,1,1,0,1,0,1,1,1,2,1,1,1,1,1,2,2,1,1,1,1,1,1,2,1,2,1,2,1,1,1,1,1,1,2,1,2,2,1,2,1,2,2,2,1,2,2,2,1,2,2,1,1,2,2,2,2,0.5,0.5,0.5,0.75,0.75,0.75,0.75,0.75,0.75,1,0.5,1,0.5,0.75,0.75,0.833333333,0.625,0.791666667,2,4,4,4,4,4,2,3,1,4,4,4,4,4,3,4,3,1,3,1,4,4,4,4,1,2,4,3,2,4,2,4,2,3,3,1,2,3,3,4,3,3,1,4,2,3,3,3,2.5,3,2.25,3,2.75,2.75,3.5,3.25,3.25,3.75,2,4,2.583333333,3.333333333,2.833333333,3.25,2.708333333,3.291666667,0.625,0.875,0.625,0.625,0.625,0.875
25, ,3, ,1,1,0,1,1,1,1,1,1,1,1,0,1,0,0,0,1,0,0,1,0,1,1,1,1,1,1,1,1,1,0,1,1,1,0,1,1,0,1,0,1,1,0,0,1,0,1,0,1,1,1,1,1,1,1,1,2,1,1,2,1,2,1,1,1,1,1,2,1,2,2,1,2,1,1,1,1,1,1,1,1,2,2,2,1,1,2,1,1,1,2,1,1,2,2,2,2,0.75,1,0.75,0.25,0.25,1,1,0.75,0.75,0.5,0.5,0.5,0.833333333,0.833333333,0.5,0.5,0.666666667,0.666666667,4,1,4,4,4,4,4,3,4,4,2,4,2,1,1,4,1,1,3,1,3,3,4,3,4,4,4,4,4,1,4,4,3,2,3,4,1,3,1,4,4,2,1,4,2,3,2,3,3.25,3.75,3.5,2,1.5,3.25,4,3.25,3,2.25,2.75,2.5,3.5,3.416666667,2.25,2.5,2.875,2.958333333,0.5,0.75,0.625,0.625,0.875,0.625
26, ,3, ,2,0,1,1,1,1,0,0,0,1,1,0,0,1,1,1,1,1,1,1,0,1,1,1,0,0,0,1,0,1,1,1,0,0,1,1,1,1,1,1,1,1,1,1,1,1,1,1,0,1,1,1,1,2,2,1,1,1,1,1,1,1,1,1,1,2,1,1,2,1,2,2,2,1,1,1,1,2,1,1,1,1,1,2,1,1,1,1,1,1,2,1,1,1,2,1,2,1,0.75,0.75,0.25,0.75,0.75,1,1,0.75,0.75,0.25,0.5,0.833333333,0.916666667,0.583333333,0.5,0.708333333,0.708333333,1,4,4,4,3,2,1,1,4,4,1,1,4,4,4,4,3,4,4,2,4,3,3,2,1,1,4,1,3,4,4,1,1,4,3,4,4,4,4,4,4,3,4,4,4,3,4,2,4,3.25,3,1.75,3,3,4,3.75,3.25,3.25,1.75,2.5,3.416666667,3.666666667,2.583333333,2.5,3,3.083333333,0.625,0.875,0.75,0.625,0.75,0.625
27, ,3, ,3,1,1,1,1,1,1,1,1,1,1,1,1,1,1,1,1,1,0,1,0,1,1,1,1,1,1,1,1,1,1,1,1,1,1,1,1,0,1,0,0,1,1,0,1,1,0,0,1,1,2,1,1,1,1,2,1,1,1,1,1,1,1,2,1,1,1,1,1,1,1,1,1,1,1,1,1,1,1,1,1,2,2,2,1,1,2,1,2,1,1,1,2,2,2,2,2,1,1,1,0.25,0.75,0.5,1,1,1,1,0.5,1,1,1,0.5,0.833333333,0.75,0.916666667,4,3,4,4,4,4,3,4,4,4,4,4,4,4,3,4,4,1,4,1,4,4,4,4,4,4,4,4,4,4,4,4,3,3,3,4,1,3,1,2,4,4,1,3,3,2,2,3,4,4,3.25,1.75,3,2.5,3.75,3.75,4,3.75,2.5,4,3.75,3.833333333,2.416666667,3.416666667,3.083333333,3.625,0.625,1,0.875,0.75,0.75,1
30, ,3, ,2,0,0,1,0,0,0,0,1,1,0,1,1,1,1,1,1,0,1,1,0,0,0,1,0,0,0,0,1,1,0,0,0,1,1,1,0,1,0,1,1,1,1,1,1,0,1,1,0,1,2,1,1,2,2,2,1,1,1,2,2,1,1,1,1,2,2,1,1,2,2,1,2,2,2,2,2,1,2,1,1,2,2,2,1,1,1,1,1,1,2,1,1,1,2,2,2,1,0.5,0.25,0.25,0.25,0.75,0.75,1,0.5,0.25,0.25,0.75,0.583333333,0.75,0.416666667,0.416666667,0.5,0.583333333,1,2,4,1,2,2,2,4,4,1,3,3,4,4,4,4,2,3,4,1,2,2,4,2,2,2,2,3,4,2,1,1,3,3,3,1,4,1,4,4,4,3,4,4,1,3,3,2,4,2.5,2.5,2.25,2,2.5,3.25,3.75,2.25,2,2.5,2.75,3,3.083333333,2.25,2.416666667,2.625,2.75,0.625,0.5,0.375,0.625,0.5,0.625
31, ,3, ,3,1,1,1,1,1,1,1,1,1,1,1,0,0,0,0,0,1,1,0,1,1,0,1,1,1,1,1,0,1,1,1,1,1,1,1,0,0,1,0,0,1,1,0,0,1,0,1,0,1,2,1,1,1,1,2,1,1,1,1,2,1,1,1,1,2,2,2,1,2,2,1,2,1,1,1,2,1,1,1,1,2,1,1,1,1,1,1,1,1,1,1,1,2,1,2,2,0.75,1,0.75,0.25,0.5,0.5,1,1,0.75,0,0.75,0.75,0.833333333,0.916666667,0.416666667,0.5,0.625,0.708333333,4,3,4,4,4,4,3,4,4,4,4,2,1,1,1,1,3,3,2,4,3,2,4,3,4,4,4,2,4,4,4,4,3,4,4,1,1,4,1,1,4,4,1,1,3,1,3,2,3.5,4,3,1.75,2.5,2.25,3.75,3.75,3.5,1,3,3,3.5,3.666666667,2.166666667,2.333333333,2.833333333,3,0.5,0.5,0.75,0.875,0.625,0.75
33, ,3, ,2,0,0,1,0,0,0,0,0,1,1,0,1,1,1,1,1,1,1,1,1,1,1,1,1,0,0,0,0,1,1,0,0,1,1,1,0,1,1,1,1,1,1,1,1,1,1,1,1,1,2,2,1,2,2,1,1,1,2,1,2,1,1,1,1,2,1,1,1,2,2,2,2,1,1,2,1,2,1,1,1,2,2,2,1,1,1,1,1,1,1,1,1,2,2,1,2,1,1,1,0,0.5,0.75,1,1,1,0.25,0,0.75,1,1,0.416666667,0.333333333,0.708333333,0.666666667,1,2,3,1,2,2,1,1,4,3,1,3,4,4,4,4,3,4,4,4,3,3,3,3,1,1,2,1,3,4,1,1,3,3,3,1,4,4,4,4,4,4,4,4,3,3,4,3,4,3.75,3,1.25,2.25,2.5,4,4,3.25,1.75,1.5,2.75,3.583333333,3.75,2,2,2.791666667,2.875,0.5,0.625,0.75,0.5,0.875,0.875
34, ,3, ,4,0,0,1,1,0,1,1,1,1,0,0,1,1,1,1,1,1,1,1,1,1,1,1,1,1,0,1,1,1,1,1,1,1,1,1,1,1,1,1,1,1,0,1,1,1,1,0,0,2,2,2,1,1,2,1,2,1,2,2,1,1,1,1,1,1,1,1,1,1,1,1,1,2,2,1,1,1,1,1,1,1,2,2,1,1,1,1,1,1,1,1,1,2,2,2,2,1,0.75,0.5,0.5,0.75,0.5,1,1,1,0.75,1,1,0.75,1,0.583333333,0.916666667,0.666666667,0.958333333,2,2,3,4,1,3,4,3,4,2,2,4,4,4,4,4,4,4,4,4,4,4,4,4,3,2,4,4,4,4,4,4,4,3,3,4,4,4,4,4,4,1,4,4,3,3,2,2,4,3.25,2.5,2.75,2.75,3,4,4,4,3.25,4,3.5,3.25,4,2.833333333,3.583333333,3.041666667,3.791666667,0.75,0.875,0.75,1,0.5,1
35, ,3, ,4,0,0,0,0,1,1,0,1,1,1,1,0,1,1,1,1,0,0,1,1,1,1,1,0,0,0,0,0,0,1,0,0,1,1,1,1,0,1,1,1,1,1,1,1,0,0,1,0,2,2,1,1,1,2,1,1,1,1,1,1,1,1,1,1,1,2,1,1,1,1,2,2,2,2,1,1,1,1,1,2,1,1,1,2,2,1,1,1,1,1,1,1,2,2,2,2,0.75,1,0.25,0,0.75,0.75,1,0.5,0.75,0,0.25,1,0.666666667,0.75,0.5,0.416666667,0.583333333,0.583333333,2,2,1,1,4,3,1,4,4,4,4,1,4,4,4,4,1,2,4,4,4,4,3,2,2,2,1,1,1,4,1,2,4,4,4,3,2,4,4,4,4,4,4,4,2,2,3,2,3.5,4,2.25,1.5,3,3.25,4,2.75,3.25,1.5,2,3.75,3.25,3.333333333,2.583333333,2.416666667,2.916666667,2.875,0.375,0.5,0.875,0.375,0.5,0.875
36, ,3, ,4,1,0,0,0,0,0,0,1,1,1,1,1,1,1,1,1,1,1,1,1,1,1,1,1,0,1,1,0,1,1,1,0,0,0,1,1,1,1,1,1,1,1,1,1,1,0,1,0,1,1,1,1,1,2,1,2,1,2,2,2,1,1,1,1,2,2,1,1,1,2,2,2,1,1,1,2,2,2,1,2,1,1,2,2,1,1,1,1,1,2,1,2,2,1,1,2,1,1,0.5,0.25,0.25,1,1,1,1,0.5,0.75,0.5,0.833333333,1,0.5,0.583333333,0.666666667,0.791666667,4,1,1,1,1,2,1,3,4,3,3,3,4,4,4,4,3,3,4,4,4,3,3,3,1,4,4,2,3,3,4,2,1,1,3,3,4,4,4,4,4,3,4,3,3,1,4,2,4,3.5,2.5,1.75,1.75,3.25,4,3.5,3.25,2.75,3,2,3.333333333,3.583333333,2.25,2.583333333,2.791666667,3.083333333,0.625,0.75,0.625,0.875,0.75,0.75
37, ,3, ,4,0,0,0,0,0,0,0,1,1,1,0,1,1,1,1,1,1,1,1,1,1,0,0,0,0,1,0,0,1,1,1,0,0,0,1,1,1,1,1,1,1,1,1,0,0,1,1,0,1,2,1,1,1,1,2,1,1,2,1,2,1,1,1,1,2,1,1,2,2,2,2,2,2,1,2,1,1,2,2,1,2,2,2,1,1,1,1,1,1,1,1,1,1,1,1,2,1,0.75,0.5,0,0.25,0.75,1,1,0.25,0.25,0.75,0.5,0.75,0.75,0.333333333,0.5,0.541666667,0.625,1,2,1,1,1,1,2,4,4,3,1,3,4,4,4,4,3,4,4,3,3,2,2,2,2,4,2,1,4,3,3,1,2,2,3,4,4,4,4,4,4,4,4,1,1,4,4,2,4,3.25,2.75,1.25,2,2.75,4,3.5,2.25,2.25,2.75,2.75,3.333333333,3.25,2,2.583333333,2.666666667,2.916666667,0.5,0.625,0.5,0.875,0.625,0.375
38, ,3, ,4,0,1,0,0,0,0,1,1,1,0,0,0,1,1,1,1,1,1,1,1,1,1,1,1,0,1,0,0,0,1,0,1,0,1,1,1,1,1,1,1,0,1,1,1,1,0,1,0,1,2,1,1,1,1,2,1,1,2,2,2,1,1,1,1,2,1,1,2,2,2,2,2,1,1,2,1,2,2,1,1,2,2,2,2,1,1,1,1,2,1,1,2,2,2,1,1,1,0.75,0.5,0.25,0.5,0.25,1,1,1,0.25,0.5,0.75,0.75,1,0.333333333,0.5,0.541666667,0.75,1,3,1,1,1,1,3,4,4,2,2,2,4,4,4,4,3,4,4,3,3,3,3,3,1,4,2,1,2,3,1,4,2,3,3,3,4,4,4,4,2,4,4,3,3,2,4,1,4,3.25,2.5,1.5,2.25,2.5,4,3.5,3,2,2.5,2.75,3.25,3.5,2.083333333,2.416666667,2.666666667,2.958333333,0.625,0.625,0.625,0.75,0.375,0.875
39, ,3, ,4,0,1,1,0,1,0,0,1,1,0,0,0,1,1,1,1,1,1,1,1,1,1,0,1,0,0,1,0,1,0,0,0,0,1,1,1,1,1,1,1,1,1,1,0,1,1,1,1,1,2,2,1,2,2,1,1,1,2,1,1,1,1,1,1,2,1,1,1,2,2,2,2,1,1,1,1,1,2,1,1,2,2,2,1,1,1,1,1,1,2,1,2,1,1,1,1,1,0.75,1,0.5,0.5,0.25,1,1,0.75,0.25,0.25,0.75,0.916666667,0.916666667,0.416666667,0.416666667,0.666666667,0.666666667,1,3,3,1,3,2,1,4,4,2,1,1,4,4,4,4,3,4,4,4,3,3,2,3,1,1,4,1,4,2,1,1,2,3,3,4,4,4,4,4,4,3,4,2,4,4,4,4,4,3.25,4,2,2.5,2,4,3.75,2.75,1.75,2,3,3.75,3.5,2.166666667,2.25,2.958333333,2.875,0.75,0.625,0.625,0.625,0.625,0.75
40, ,3, ,4,0,0,0,0,0,0,0,0,1,0,0,0,1,1,1,1,1,1,1,1,1,1,1,1,0,0,0,1,1,1,0,0,1,1,1,1,1,1,1,1,1,1,1,0,1,1,1,0,1,1,2,1,2,1,1,1,1,2,2,2,1,1,1,1,1,1,1,1,1,2,2,2,1,1,1,1,1,1,1,2,2,1,1,1,1,1,1,1,1,1,1,1,2,1,1,2,1,0.75,0.75,0,0,0.25,1,1,1,0.25,0.5,1,0.833333333,1,0.083333333,0.583333333,0.458333333,0.791666667,1,1,2,1,2,1,1,1,4,2,2,2,4,4,4,4,4,4,4,4,4,3,3,3,1,1,1,4,4,4,1,2,3,4,4,4,4,4,4,4,4,4,4,1,3,4,4,2,4,3.25,3.25,1.25,1.25,2.5,4,4,3.25,1.75,2.75,3.75,3.5,3.75,1.666666667,2.75,2.583333333,3.25,0.5,0.625,0.375,0.75,0.5,1
41, ,3, ,4,0,1,1,0,0,0,0,1,1,1,1,1,1,1,1,1,1,1,1,1,0,0,0,1,0,1,1,0,0,1,0,0,1,1,1,1,1,0,0,1,1,1,1,1,1,0,0,0,1,2,2,1,2,2,1,2,1,2,1,2,1,1,1,1,2,2,1,1,2,2,2,2,2,2,2,1,1,1,2,2,2,2,2,2,1,2,2,2,1,2,1,1,1,2,2,1,0.5,1,0.25,0.5,0.25,1,1,1,0.25,0.5,0.25,1,0.583333333,0.75,0.583333333,0.583333333,0.583333333,0.666666667,1,3,3,1,2,2,1,3,4,3,4,3,4,4,4,4,3,3,4,4,2,2,2,3,2,3,3,1,1,4,2,2,3,3,3,3,4,2,2,3,4,3,4,4,4,2,2,1,2.75,3.75,2.25,2,2,3.5,4,3.5,2.25,2.25,2.25,3,2.916666667,3.25,2.5,2.5,2.708333333,2.875,0.5,0.75,0.625,0.625,0.625,0.625
